{
    "$schema": "http://schema.management.azure.com/schemas/2015-01-01/deploymentTemplate.json#",
    "contentVersion": "1.0.0.0",
    "parameters": {
        "factoryName": {
            "type": "string",
            "metadata": "Data Factory name",
            "defaultValue": "adfnyctaxii"
        },
        "LinkedService_ADLS_accountKey": {
            "type": "secureString",
            "metadata": "Secure string for 'accountKey' of 'LinkedService_ADLS'"
        },
        "LinkedService_ADLS_properties_typeProperties_url": {
            "type": "string",
            "defaultValue": "https://adlsnyctaxii.dfs.core.windows.net/"
        },
        "LinkedService_nyc_taxii_web_properties_typeProperties_url": {
            "type": "string",
            "defaultValue": "https://d37ci6vzurychx.cloudfront.net"
        }
    },
    "variables": {
        "factoryId": "[concat('Microsoft.DataFactory/factories/', parameters('factoryName'))]"
    },
    "resources": [
        {
            "name": "[concat(parameters('factoryName'), '/LinkedService_ADLS')]",
            "type": "Microsoft.DataFactory/factories/linkedServices",
            "apiVersion": "2018-06-01",
            "properties": {
                "annotations": [],
                "type": "AzureBlobFS",
                "typeProperties": {
                    "url": "[parameters('LinkedService_ADLS_properties_typeProperties_url')]",
                    "accountKey": {
                        "type": "SecureString",
                        "value": "[parameters('LinkedService_ADLS_accountKey')]"
                    }
                }
            },
            "dependsOn": []
        },
        {
            "name": "[concat(parameters('factoryName'), '/LinkedService_nyc_taxii_web')]",
            "type": "Microsoft.DataFactory/factories/linkedServices",
            "apiVersion": "2018-06-01",
            "properties": {
                "annotations": [],
                "type": "HttpServer",
                "typeProperties": {
                    "url": "[parameters('LinkedService_nyc_taxii_web_properties_typeProperties_url')]",
                    "enableServerCertificateValidation": true,
                    "authenticationType": "Anonymous"
                }
            },
            "dependsOn": []
        },
        {
            "name": "[concat(parameters('factoryName'), '/NycTaxi_WEB_to_ADLS')]",
            "type": "Microsoft.DataFactory/factories/pipelines",
            "apiVersion": "2018-06-01",
            "properties": {
                "activities": [
                    {
                        "name": "ForEach",
                        "type": "ForEach",
                        "dependsOn": [],
                        "userProperties": [],
                        "typeProperties": {
                            "items": {
                                "value": "@range(1,12)",
                                "type": "Expression"
                            },
                            "isSequential": true,
                            "activities": [
                                {
                                    "name": "If Condition",
                                    "type": "IfCondition",
                                    "dependsOn": [],
                                    "userProperties": [],
                                    "typeProperties": {
                                        "expression": {
                                            "value": "@greater(item(),9)",
                                            "type": "Expression"
                                        },
                                        "ifFalseActivities": [
                                            {
                                                "name": "Copy NYC Taxi data",
                                                "type": "Copy",
                                                "dependsOn": [],
                                                "policy": {
                                                    "timeout": "0.12:00:00",
                                                    "retry": 0,
                                                    "retryIntervalInSeconds": 30,
                                                    "secureOutput": false,
                                                    "secureInput": false
                                                },
                                                "userProperties": [],
                                                "typeProperties": {
                                                    "source": {
                                                        "type": "ParquetSource",
                                                        "storeSettings": {
                                                            "type": "HttpReadSettings",
                                                            "requestMethod": "GET"
                                                        },
                                                        "formatSettings": {
                                                            "type": "ParquetReadSettings"
                                                        }
                                                    },
                                                    "sink": {
                                                        "type": "ParquetSink",
                                                        "storeSettings": {
                                                            "type": "AzureBlobFSWriteSettings"
                                                        },
                                                        "formatSettings": {
                                                            "type": "ParquetWriteSettings"
                                                        }
                                                    },
                                                    "enableStaging": false,
                                                    "translator": {
                                                        "type": "TabularTranslator",
                                                        "typeConversion": true,
                                                        "typeConversionSettings": {
                                                            "allowDataTruncation": true,
                                                            "treatBooleanAsNumber": false
                                                        }
                                                    }
                                                },
                                                "inputs": [
                                                    {
                                                        "referenceName": "source_nyc_taxi_dataset",
                                                        "type": "DatasetReference",
                                                        "parameters": {
                                                            "parameter_month": {
                                                                "value": "@item()",
                                                                "type": "Expression"
                                                            }
                                                        }
                                                    }
                                                ],
                                                "outputs": [
                                                    {
                                                        "referenceName": "sink_raw_nyc_taxi_dataset",
                                                        "type": "DatasetReference",
                                                        "parameters": {}
                                                    }
                                                ]
                                            }
                                        ],
                                        "ifTrueActivities": [
                                            {
                                                "name": "Copy NYC greater than 9th month",
                                                "type": "Copy",
                                                "dependsOn": [],
                                                "policy": {
                                                    "timeout": "0.12:00:00",
                                                    "retry": 0,
                                                    "retryIntervalInSeconds": 30,
                                                    "secureOutput": false,
                                                    "secureInput": false
                                                },
                                                "userProperties": [],
                                                "typeProperties": {
                                                    "source": {
                                                        "type": "ParquetSource",
                                                        "storeSettings": {
                                                            "type": "HttpReadSettings",
                                                            "requestMethod": "GET"
                                                        },
                                                        "formatSettings": {
                                                            "type": "ParquetReadSettings"
                                                        }
                                                    },
                                                    "sink": {
                                                        "type": "ParquetSink",
                                                        "storeSettings": {
                                                            "type": "AzureBlobFSWriteSettings"
                                                        },
                                                        "formatSettings": {
                                                            "type": "ParquetWriteSettings"
                                                        }
                                                    },
                                                    "enableStaging": false,
                                                    "translator": {
                                                        "type": "TabularTranslator",
                                                        "typeConversion": true,
                                                        "typeConversionSettings": {
                                                            "allowDataTruncation": true,
                                                            "treatBooleanAsNumber": false
                                                        }
                                                    }
                                                },
                                                "inputs": [
                                                    {
                                                        "referenceName": "source_nyc_taxi_greater_dataset",
                                                        "type": "DatasetReference",
                                                        "parameters": {
                                                            "parameter_month_greater": {
                                                                "value": "@item()",
                                                                "type": "Expression"
                                                            }
                                                        }
                                                    }
                                                ],
                                                "outputs": [
                                                    {
                                                        "referenceName": "sink_raw_nyc_taxi_dataset",
                                                        "type": "DatasetReference",
                                                        "parameters": {}
                                                    }
                                                ]
                                            }
                                        ]
                                    }
                                }
                            ]
                        }
                    }
                ],
                "policy": {
                    "elapsedTimeMetric": {}
                },
                "annotations": [],
                "lastPublishTime": "2025-02-02T19:31:13Z"
            },
            "dependsOn": [
                "[concat(variables('factoryId'), '/datasets/source_nyc_taxi_dataset')]",
                "[concat(variables('factoryId'), '/datasets/sink_raw_nyc_taxi_dataset')]",
                "[concat(variables('factoryId'), '/datasets/source_nyc_taxi_greater_dataset')]"
            ]
        },
        {
            "name": "[concat(parameters('factoryName'), '/sink_raw_nyc_taxi_dataset')]",
            "type": "Microsoft.DataFactory/factories/datasets",
            "apiVersion": "2018-06-01",
            "properties": {
                "linkedServiceName": {
                    "referenceName": "LinkedService_ADLS",
                    "type": "LinkedServiceReference"
                },
                "annotations": [],
                "type": "Parquet",
                "typeProperties": {
                    "location": {
                        "type": "AzureBlobFSLocation",
                        "folderPath": "trips2023data",
                        "fileSystem": "bronze"
                    },
                    "compressionCodec": "snappy"
                },
                "schema": []
            },
            "dependsOn": [
                "[concat(variables('factoryId'), '/linkedServices/LinkedService_ADLS')]"
            ]
        },
        {
            "name": "[concat(parameters('factoryName'), '/source_nyc_taxi_dataset')]",
            "type": "Microsoft.DataFactory/factories/datasets",
            "apiVersion": "2018-06-01",
            "properties": {
                "linkedServiceName": {
                    "referenceName": "LinkedService_nyc_taxii_web",
                    "type": "LinkedServiceReference"
                },
                "parameters": {
                    "parameter_month": {
                        "type": "string"
                    }
                },
                "annotations": [],
                "type": "Parquet",
                "typeProperties": {
                    "location": {
                        "type": "HttpServerLocation",
                        "relativeUrl": {
                            "value": "trip-data/green_tripdata_2023-0@{dataset().parameter_month}.parquet",
                            "type": "Expression"
                        }
                    },
                    "compressionCodec": "snappy"
                },
                "schema": []
            },
            "dependsOn": [
                "[concat(variables('factoryId'), '/linkedServices/LinkedService_nyc_taxii_web')]"
            ]
        },
        {
            "name": "[concat(parameters('factoryName'), '/source_nyc_taxi_greater_dataset')]",
            "type": "Microsoft.DataFactory/factories/datasets",
            "apiVersion": "2018-06-01",
            "properties": {
                "linkedServiceName": {
                    "referenceName": "LinkedService_nyc_taxii_web",
                    "type": "LinkedServiceReference"
                },
                "parameters": {
                    "parameter_month_greater": {
                        "type": "string"
                    }
                },
                "annotations": [],
                "type": "Parquet",
                "typeProperties": {
                    "location": {
                        "type": "HttpServerLocation",
                        "relativeUrl": {
                            "value": "trip-data/green_tripdata_2023-@{dataset().parameter_month_greater}.parquet",
                            "type": "Expression"
                        }
                    },
                    "compressionCodec": "snappy"
                },
                "schema": []
            },
            "dependsOn": [
                "[concat(variables('factoryId'), '/linkedServices/LinkedService_nyc_taxii_web')]"
            ]
        }
    ]
}