{
    "$schema": "https://schema.management.azure.com/schemas/2015-01-01/deploymentParameters.json#",
    "contentVersion": "1.0.0.0",
    "parameters": {
        "factoryName": {
            "value": "adfnyctaxii"
        },
        "LinkedService_ADLS_accountKey": {
            "value": ""
        },
        "LinkedService_ADLS_properties_typeProperties_url": {
            "value": "https://adlsnyctaxii.dfs.core.windows.net/"
        },
        "LinkedService_nyc_taxii_web_properties_typeProperties_url": {
            "value": "https://d37ci6vzurychx.cloudfront.net"
        }
    }
}